{"appid":{"0":391220,"1":524220,"2":441830,"3":410850,"4":324510,"5":359870,"6":340170,"7":337000,"8":225540,"9":239160,"10":233290,"11":230330,"12":307690,"13":377840,"14":292140,"15":345350,"16":499520,"17":238010,"18":203160,"20":289690,"21":39210,"22":382900,"23":239120,"24":292120,"25":312750,"26":382890,"27":346830,"28":39160,"30":421740,"31":8190,"32":308060,"33":9420,"34":9350,"35":40100,"36":39140,"37":39150,"42":243000,"43":23310,"44":28000,"45":43000,"46":540840,"47":35000,"50":35130,"51":258180,"52":6980,"53":8170,"54":200010,"55":8140,"56":8000,"57":34600,"58":427820,"60":242940,"61":39190,"62":39200,"63":6880,"64":6870,"65":242980,"66":225020,"67":242960,"68":211780,"69":243060,"70":6920,"71":6910,"72":8080,"73":202370,"75":243040,"76":225320,"77":224300,"78":224940,"79":225000,"80":224960,"81":245010,"82":224980,"83":224920,"84":225300,"85":7000,"88":211740,"89":211600,"90":23380,"91":8100,"92":7010,"93":23300,"95":39110,"101":35070},"descr_sim_NieR":{"0":0.1644117497,"1":1.0,"2":0.3410728213,"3":0.2621437355,"4":0.1838603524,"5":0.1954117687,"6":0.4010562894,"7":0.1111359779,"8":0.1272432493,"9":0.1148906378,"10":0.1948048606,"11":0.180083914,"12":0.1669979948,"13":0.2019467608,"14":0.354894413,"15":0.3425234022,"16":0.1551670211,"17":0.2467341725,"18":0.0852765596,"20":0.1816082169,"21":0.0795573879,"22":0.2335441361,"23":0.1184299198,"24":0.3014015483,"25":0.1244643952,"26":0.1913877353,"27":0.2280555802,"28":0.1717866728,"30":0.1167767954,"31":0.1454242705,"32":0.0615809758,"33":0.2562640588,"34":0.1703412195,"35":0.3988659075,"36":0.120346472,"37":0.3378273472,"42":0.106295227,"43":0.3577622791,"44":0.1719901966,"45":0.4173535282,"46":0.059197221,"47":0.1575462428,"50":0.1725829755,"51":0.1530693158,"52":0.0609360742,"53":0.3928907628,"54":0.0263194027,"55":0.197967502,"56":0.1500541085,"57":0.2988676694,"58":0.251158319,"60":0.2156222852,"61":0.2725599329,"62":0.1353368795,"63":0.1504437247,"64":0.3930859,"65":0.1433483527,"66":0.0592312214,"67":0.2035022103,"68":0.267731225,"69":0.1037522635,"70":0.3040745331,"71":0.2025716635,"72":0.2761722585,"73":0.3684631496,"75":0.22492528,"76":0.0165607155,"77":0.2421347587,"78":0.1885166062,"79":0.0409224737,"80":0.1232611069,"81":0.1856321983,"82":0.0427070255,"83":0.1182476644,"84":0.0701490391,"85":0.0837297129,"88":0.259532153,"89":0.1938296111,"90":0.31713811,"91":0.2495313184,"92":0.3355719476,"93":0.1677134485,"95":0.0,"101":0.1145958095}}